resolved_timestamp,event_name,league,game_id,market_type,outcome_name,won,max_implied_prob,max_clob_buy_price,first_seen_timestamp,last_seen_timestamp,minutes_tracked
2026-02-27T12:55:46.515466+00:00,Pune: Manoj Dhamne Manas vs Duje Ajdukovic,atp,5202002,over_under,Over 2.5,true,0.99,0.999,2026-02-27T12:07:36.854944+00:00,2026-02-27T12:52:16.529943+00:00,44.7
2026-02-27T13:35:20.956300+00:00,Dota 2: Tundra Esports vs Team Liquid (BO3) - DreamLeague Stage 2,dota-2,1358118,over_under,Over,true,0.99,0.946,2026-02-27T12:38:24.285972+00:00,2026-02-27T13:31:26.454497+00:00,53.0
2026-02-27T13:40:36.904681+00:00,T20 World Cup: England vs New Zealand,international-cricket,,moneyline,Yes,true,0.99,0,2026-02-27T13:27:30.320036+00:00,2026-02-27T13:36:38.897408+00:00,9.1
2026-02-27T13:40:36.904681+00:00,T20 World Cup: England vs New Zealand,international-cricket,,moneyline,New Zealand,true,0.99,0,2026-02-27T13:32:45.084358+00:00,2026-02-27T13:36:38.897408+00:00,3.9
2026-02-27T14:40:38.914836+00:00,Counter-Strike: ENCE vs Eternal Fire (BO3) - DraculaN Playoffs,counter-strike,1363307,spread,Eternal Fire,true,0.99,0.99,2026-02-27T13:00:10.217560+00:00,2026-02-27T14:37:45.021889+00:00,97.6
2026-02-27T14:43:24.291488+00:00,Dubai Tennis Championships: Felix Auger-Aliassime vs Daniil Medvedev,atp,5204640,moneyline,Under,true,0.99,0.49,2026-02-27T13:00:10.217560+00:00,2026-02-27T14:40:38.914836+00:00,100.5
2026-02-27T15:18:20.425219+00:00,Dota 2: PARIVISION vs MOUZ (BO3) - DreamLeague Stage 2,dota-2,1358121,moneyline,PARIVISION,true,0.99,0.95,2026-02-27T14:07:16.617736+00:00,2026-02-27T15:14:20.539402+00:00,67.1
2026-02-27T15:54:53.950291+00:00,Dubai Tennis Championships: Andrey Rublev vs Tallon Griekspoor,atp,5204906,moneyline,Over,true,0.99,0.993,2026-02-27T15:00:30.828642+00:00,2026-02-27T15:51:37.704729+00:00,51.1
2026-02-27T16:19:06.582033+00:00,FC Hermannstadt vs. FC Botoşani,romania-1,90106879,moneyline,No,true,0.99,0.99,2026-02-27T15:00:30.828642+00:00,2026-02-27T16:15:44.575565+00:00,75.2
2026-02-27T16:52:57.223720+00:00,FC Hermannstadt vs. FC Botoşani,romania-1,90106879,moneyline,Yes,true,0.99,0.98,2026-02-27T15:00:30.828642+00:00,2026-02-27T16:48:58.786752+00:00,108.5
2026-02-27T19:18:46.290358+00:00,Dota 2: Xtreme Gaming vs Team Falcons (BO3) - DreamLeague Stage 2,dota-2,1358120,over_under,Over,true,0.99,0.97,2026-02-27T15:12:57.492407+00:00,2026-02-27T19:14:49.317170+00:00,241.9
2026-02-27T19:58:35.003264+00:00,AC Monza vs. Virtus Entella,serie-b,90100822,moneyline,No,true,0.99,0.99,2026-02-27T18:00:16.316326+00:00,2026-02-27T19:54:59.596277+00:00,114.7
2026-02-27T20:51:47.489932+00:00,Al Hazem SC vs. Al Ettifaq Saudi Club,saudi-professional-league,90108377,moneyline,Yes,true,0.99,0.98,2026-02-27T18:00:16.316326+00:00,2026-02-27T20:48:10.077109+00:00,167.9
2026-02-27T20:56:47.467772+00:00,Al Ittihad Saudi Club vs. Al Khaleej Saudi Club,saudi-professional-league,90108375,moneyline,No,true,0.99,0,2026-02-27T20:49:27.947083+00:00,2026-02-27T20:52:57.968930+00:00,3.5
2026-02-27T21:32:44.060219+00:00,"T20 Series Hong Kong vs Kuwait: Hong Kong, China vs Kuwait",international-cricket,,moneyline,"Hong Kong, China",true,0.99,0,2026-02-27T21:20:07.448784+00:00,2026-02-27T21:28:47.025824+00:00,8.7
2026-02-27T21:52:07.348032+00:00,United Rugby Championship: Edinburgh vs Scarlets,united-rugby-championship,4792568,moneyline,No,true,0.99,0.98,2026-02-27T19:46:04.998039+00:00,2026-02-27T21:48:18.092528+00:00,122.2
2026-02-27T21:57:11.793306+00:00,Levante UD vs. Deportivo Alavés,la-liga-2025,90094668,moneyline,No,true,0.99,0.98,2026-02-27T20:00:53.099145+00:00,2026-02-27T21:53:21.830455+00:00,112.5
2026-02-27T22:17:56.512778+00:00,UC Sampdoria vs. SSC Bari,serie-b,90100814,moneyline,No,true,0.99,0.98,2026-02-27T20:00:53.099145+00:00,2026-02-27T22:14:00.475098+00:00,133.1
2026-02-27T23:47:59.164369+00:00,Chile Open: Andrea Pellegrino vs Luciano Darderi,atp,5203165,moneyline,Over,true,0.99,0.999,2026-02-27T21:30:06.218122+00:00,2026-02-27T23:44:06.426381+00:00,134.0
2026-02-27T23:47:59.164369+00:00,Chile Open: Andrea Pellegrino vs Luciano Darderi,atp,5203165,moneyline,Over,true,0.99,0.999,2026-02-27T21:30:06.218122+00:00,2026-02-27T23:44:06.426381+00:00,134.0
2026-02-27T23:50:36.950369+00:00,Princeton Tigers vs. Dartmouth Big Green (W),cwbb,149059,moneyline,Princeton Tigers,true,0.99,0,2026-02-27T23:00:54.675754+00:00,2026-02-27T23:46:41.292334+00:00,45.8
2026-02-27T23:59:26.574591+00:00,Towson Tigers vs. Campbell Fighting Camels (W),cwbb,149062,moneyline,Towson Tigers,true,0.99,0.98,2026-02-27T22:00:53.161511+00:00,2026-02-27T23:55:31.354261+00:00,114.6
2026-02-28T02:22:16.836682+00:00,Nets vs. Celtics,nba-2026,20023324,moneyline,Yes,true,0.99,0.04,2026-02-28T00:30:53.083520+00:00,2026-02-28T02:18:29.859118+00:00,107.6
2026-02-28T02:27:15.758520+00:00,Nets vs. Celtics,nba-2026,20023324,moneyline,Over,true,0.99,0.93,2026-02-28T00:30:53.083520+00:00,2026-02-28T02:23:32.468136+00:00,112.7
2026-02-28T02:47:12.729774+00:00,ATX Open: Oksana Selekhmeteva vs Peyton Stearns,wta,5204919,over_under,Over 2.5,true,0.99,0.999,2026-02-28T00:05:56.352866+00:00,2026-02-28T02:43:28.913001+00:00,157.5
2026-02-28T02:47:12.729774+00:00,Old Dominion Monarchs vs. Georgia State Panthers,ncaa-cbb,67610,moneyline,Old Dominion Monarchs,true,0.99,0.981,2026-02-28T00:30:53.083520+00:00,2026-02-28T02:43:28.913001+00:00,132.6
2026-02-28T02:49:41.164491+00:00,Knicks vs. Bucks,nba-2026,20023325,moneyline,Yes,true,0.99,0,2026-02-28T01:00:46.243385+00:00,2026-02-28T02:45:58.257182+00:00,105.2
2026-02-28T02:57:09.600219+00:00,Knicks vs. Bucks,nba-2026,20023325,moneyline,Yes,true,0.99,0.47,2026-02-28T01:00:46.243385+00:00,2026-02-28T02:53:25.213169+00:00,112.6
2026-02-28T02:59:39.010791+00:00,Once Caldas vs. Boyacá Chicó FC,primera-a,90105864,moneyline,Yes,true,0.99,0.98,2026-02-28T01:30:53.695963+00:00,2026-02-28T02:55:55.443000+00:00,85.0
2026-02-28T03:07:08.173371+00:00,Knicks vs. Bucks,nba-2026,20023325,moneyline,Over,true,0.99,0.951,2026-02-28T01:00:46.243385+00:00,2026-02-28T03:03:24.720275+00:00,122.6
2026-02-28T03:10:38.492978+00:00,Knicks vs. Bucks,nba-2026,20023325,moneyline,Over,true,0.99,0.999,2026-02-28T01:00:46.243385+00:00,2026-02-28T03:05:54.167020+00:00,125.1
2026-02-28T03:18:08.869387+00:00,Once Caldas vs. Boyacá Chicó FC,primera-a,90105864,moneyline,No,true,0.99,0.98,2026-02-28T01:30:53.695963+00:00,2026-02-28T03:14:22.987226+00:00,103.5
2026-02-28T03:20:38.417121+00:00,Knicks vs. Bucks,nba-2026,20023325,moneyline,Over,true,0.99,0,2026-02-28T03:15:37.743305+00:00,2026-02-28T03:16:53.955854+00:00,1.3
2026-02-28T03:28:08.535183+00:00,Grizzlies vs. Mavericks,nba-2026,20023326,moneyline,Yes,true,0.99,0.999,2026-02-28T01:30:53.695963+00:00,2026-02-28T03:24:24.414505+00:00,113.5
2026-02-28T03:40:35.678436+00:00,Southern Miss Golden Eagles vs. South Alabama Jaguars,ncaa-cbb,67605,spread,Southern Miss Golden Eagles,true,0.99,0.999,2026-02-28T01:30:53.695963+00:00,2026-02-28T03:36:53.139243+00:00,126.0
2026-02-28T03:57:45.298532+00:00,Nets vs. Celtics,nba-2026,20023324,moneyline,Yes,true,0.99,0.48,2026-02-28T00:30:53.083520+00:00,2026-02-28T03:54:11.361543+00:00,203.3
2026-02-28T05:36:43.177968+00:00,Auckland FC vs. Melbourne City FC,a-league-soccer,90097555,moneyline,No,true,0.99,0.98,2026-02-28T04:00:11.636999+00:00,2026-02-28T05:34:35.068508+00:00,94.4
2026-02-28T06:56:59.769684+00:00,Ulsan HD FC vs. Gangwon FC,k-league,90105996,moneyline,Yes,true,0.99,0.96,2026-02-28T05:00:00.109530+00:00,2026-02-28T06:55:26.399001+00:00,115.4
2026-02-28T09:24:52.695659+00:00,"T20 Series Hong Kong vs Kuwait: Hong Kong, China vs Kuwait",international-cricket,,moneyline,No,true,0.99,0,2026-02-28T07:42:40.927166+00:00,2026-02-28T09:21:37.111990+00:00,98.9
2026-02-28T11:29:07.605200+00:00,LoL: Top Esports vs Team WE (BO5) - LPL Playoffs,league-of-legends,1352795,over_under,Under,true,0.99,0.999,2026-02-28T09:00:10.062370+00:00,2026-02-28T11:26:33.206260+00:00,146.4
2026-02-28T12:26:11.796680+00:00,StarCraft II: SHIN vs ShoWTimE (BO7) - PiG Sty Festival Playoffs,starcraft-2,1368519,moneyline,ShoWTimE,true,0.99,0.99,2026-02-28T11:00:34.110577+00:00,2026-02-28T12:22:54.003889+00:00,82.3
2026-02-28T13:25:30.077159+00:00,Kerala Blasters FC vs. Inter Kashi FC,indian-super-league,90108255,moneyline,No,true,0.99,0.98,2026-02-28T11:30:01.302129+00:00,2026-02-28T13:21:28.385484+00:00,111.5
2026-02-28T14:58:17.689929+00:00,Dota 2: Xtreme Gaming vs Team Falcons (BO3) - DreamLeague Stage 2,dota-2,1358120,over_under,Over,true,0.99,0.975,2026-02-27T19:53:49.773425+00:00,2026-02-28T14:54:07.951335+00:00,1140.3
2026-02-28T15:31:54.362249+00:00,Mohun Bagan Super Giant vs. Mohammedan SC,indian-super-league,90108256,moneyline,Yes,true,0.99,0.99,2026-02-28T14:00:46.264875+00:00,2026-02-28T15:27:48.772902+00:00,87.0
2026-02-28T16:20:51.645580+00:00,Counter-Strike: Aurora Young Blood vs HAVU (BO3) - CCT Europe Closed Qualifier: Series #17 Playoffs,counter-strike,1372383,spread,HAVU,true,0.99,0.03,2026-02-28T15:01:20.199007+00:00,2026-02-28T16:16:40.317936+00:00,75.3
2026-02-28T16:20:51.645580+00:00,Dota 2: Aurora vs Xtreme Gaming (BO3) - DreamLeague Playoffs,dota-2,1358122,over_under,Under,true,0.99,0,2026-02-28T15:20:45.558382+00:00,2026-02-28T16:16:40.317936+00:00,55.9
2026-02-28T16:26:26.705346+00:00,Dota 2: Aurora vs Xtreme Gaming (BO3) - DreamLeague Playoffs,dota-2,1358122,over_under,Over,true,0.99,0,2026-02-28T15:20:45.558382+00:00,2026-02-28T16:22:15.753020+00:00,61.5
2026-02-28T16:29:09.828198+00:00,Falkirk FC vs. Kilmarnock FC,scottish-premiership,90100528,moneyline,No,true,0.99,0.97,2026-02-28T15:01:20.199007+00:00,2026-02-28T16:25:05.006200+00:00,83.7
2026-02-28T16:50:29.348514+00:00,Queens Park Rangers FC vs. Sheffield United FC,efl-championship,90092246,moneyline,Yes,true,0.99,0.95,2026-02-28T15:01:20.199007+00:00,2026-02-28T16:45:12.039457+00:00,103.9
2026-02-28T16:50:29.348514+00:00,Burnley FC vs. Brentford FC - Halftime Result,premier-league-2025,,moneyline,No,true,0.99,0.98,2026-02-28T15:01:20.199007+00:00,2026-02-28T16:45:12.039457+00:00,103.9
2026-02-28T16:53:22.667669+00:00,Ipswich Town FC vs. Swansea City AFC,efl-championship,90092255,moneyline,No,true,0.99,0.96,2026-02-28T15:01:20.199007+00:00,2026-02-28T16:49:03.597665+00:00,107.7
2026-02-28T17:27:43.374313+00:00,T20 World Cup: Sri Lanka vs Pakistan,international-cricket,,moneyline,Yes,true,0.99,0.999,2026-02-28T13:30:49.238094+00:00,2026-02-28T17:23:24.656643+00:00,232.6
2026-02-28T17:27:43.374313+00:00,Borussia Mönchengladbach vs. 1. FC Union Berlin - Halftime Result,bundesliga-2025,,moneyline,Yes,true,0.99,0.99,2026-02-28T14:30:56.328809+00:00,2026-02-28T17:23:24.656643+00:00,172.5
2026-02-28T17:50:03.079370+00:00,Stade Rennais FC 1901 vs. Toulouse FC,ligue-1-2025,90094010,moneyline,No,true,0.99,0.94,2026-02-28T16:01:11.016110+00:00,2026-02-28T17:45:52.295978+00:00,104.7
2026-02-28T17:55:31.256711+00:00,LoL: Movistar KOI vs Karmine Corp (BO5) - LEC Versus Playoffs,league-of-legends,1350540,spread,Karmine Corp,true,0.99,0.78,2026-02-28T16:53:22.667669+00:00,2026-02-28T17:51:25.730947+00:00,58.1
2026-02-28T17:56:52.929462+00:00,Newcastle United FC vs. Everton FC - Halftime Result,premier-league-2025,,moneyline,No,true,0.99,0.92,2026-02-28T15:01:20.199007+00:00,2026-02-28T17:52:48.382201+00:00,171.5
2026-02-28T18:07:38.976783+00:00,Counter-Strike: EYEBALLERS vs FOKUS (BO3) - PGL Bucharest: European Closed Qualifier Playoffs,counter-strike,1368682,moneyline,FOKUS,true,0.99,0.999,2026-02-28T15:15:14.624323+00:00,2026-02-28T18:03:32.703200+00:00,168.3
2026-02-28T18:09:00.770494+00:00,Hellas Verona FC vs. SSC Napoli - Halftime Result,serie-a-2025,,moneyline,No,true,0.99,0,2026-02-28T17:00:54.145320+00:00,2026-02-28T18:04:55.939137+00:00,64.0
2026-02-28T18:13:05.836681+00:00,LoL: Movistar KOI vs Karmine Corp (BO5) - LEC Versus Playoffs,league-of-legends,1350540,over_under,Under,true,0.99,0,2026-02-28T16:11:07.869963+00:00,2026-02-28T18:09:00.770494+00:00,117.9
2026-02-28T18:44:51.009326+00:00,Tigre 2: Facundo Acosta vs Alvaro Guillen Meza,atp,5206510,moneyline,Over,true,0.99,0,2026-02-28T15:45:42.357700+00:00,2026-02-28T18:40:45.975004+00:00,175.1
2026-02-28T18:46:15.453198+00:00,T20 World Cup: Sri Lanka vs Pakistan - Team Top Batter,international-cricket,,moneyline,Yes,true,0.99,0,2026-02-28T18:13:05.836681+00:00,2026-02-28T18:42:07.663759+00:00,29.0
2026-02-28T18:48:58.439927+00:00,Heracles Almelo vs. PSV,ere-2025,90090909,moneyline,Yes,true,0.99,0,2026-02-28T18:43:29.360082+00:00,2026-02-28T18:44:51.009326+00:00,1.4
2026-02-28T18:53:03.906204+00:00,AC Sparta Praha vs. FC Baník Ostrava,czechia-1,90107362,moneyline,Yes,true,0.99,0.97,2026-02-28T17:00:54.145320+00:00,2026-02-28T18:48:58.439927+00:00,108.1
2026-02-28T19:00:07.808731+00:00,Niagara Purple Eagles vs. Merrimack College Warriors (W),cwbb,145283,moneyline,Merrimack College Warriors,true,0.99,0.961,2026-02-28T17:00:54.145320+00:00,2026-02-28T18:56:04.583234+00:00,115.2
2026-02-28T19:09:41.506969+00:00,AC Sparta Praha vs. FC Baník Ostrava,czechia-1,90107362,moneyline,No,true,0.99,0.999,2026-02-28T17:00:54.145320+00:00,2026-02-28T19:05:34.281220+00:00,124.7
2026-02-28T19:27:15.107447+00:00,Burnley FC vs. Brentford FC - Exact Score,premier-league-2025,,moneyline,No,true,0.99,0.999,2026-02-28T15:01:20.199007+00:00,2026-02-28T19:23:04.715661+00:00,261.7
2026-02-28T19:34:05.467514+00:00,North Carolina State Wolfpack vs. Notre Dame Fighting Irish,ncaa-cbb,69544,moneyline,Notre Dame Fighting Irish,true,0.99,0,2026-02-28T19:28:36.674223+00:00,2026-02-28T19:29:59.184021+00:00,1.4
2026-02-28T19:36:52.129466+00:00,T20 World Cup: Sri Lanka vs Pakistan - Most Sixes,international-cricket,,moneyline,Yes,true,0.99,0,2026-02-28T17:30:35.899158+00:00,2026-02-28T19:32:44.488890+00:00,122.1
2026-02-28T19:56:03.193076+00:00,Top 14: Toulouse vs Montauban,rugby-top-14,4866602,moneyline,No,true,0.99,0.923,2026-02-28T15:35:50.621147+00:00,2026-02-28T19:51:56.972624+00:00,256.1
2026-02-28T19:58:45.497757+00:00,Trail Blazers vs. Hornets,nba-2026,20023328,moneyline,Under,true,0.99,0.96,2026-02-28T18:02:07.191201+00:00,2026-02-28T19:54:42.192551+00:00,112.6
2026-02-28T20:09:41.936133+00:00,LoL: RED Canids vs FURIA Esports (BO5) - CBLOL Cup Playoffs,league-of-legends,1335656,over_under,Under,true,0.99,0,2026-02-28T19:12:04.519053+00:00,2026-02-28T20:05:37.331683+00:00,53.5
2026-02-28T20:12:26.819198+00:00,Trail Blazers vs. Hornets,nba-2026,20023328,moneyline,Under,true,0.99,0.96,2026-02-28T18:02:07.191201+00:00,2026-02-28T20:08:20.897101+00:00,126.2
2026-02-28T20:24:29.107180+00:00,LoL: RED Canids vs FURIA Esports (BO5) - CBLOL Cup Playoffs,league-of-legends,1335656,over_under,Under,true,0.99,0,2026-02-28T19:20:18.477832+00:00,2026-02-28T20:19:16.607843+00:00,59.0
2026-02-28T20:32:43.831633+00:00,Penguins vs. Rangers,nhl-2026,30024907,spread,Penguins,true,0.99,0.93,2026-02-28T17:30:35.899158+00:00,2026-02-28T20:28:39.472336+00:00,178.1
2026-02-28T20:57:16.727472+00:00,Pau FC vs. AS Saint-Étienne,ligue-2,90103038,moneyline,No,true,0.99,0.999,2026-02-28T19:00:07.808731+00:00,2026-02-28T20:53:13.632572+00:00,113.1
2026-02-28T20:59:58.688212+00:00,Al Najmah Saudi Club vs. Al Okhdood SC,saudi-professional-league,90108379,moneyline,No,true,0.99,0.96,2026-02-28T18:02:07.191201+00:00,2026-02-28T20:55:56.382611+00:00,173.8
2026-02-28T21:18:57.976713+00:00,Charleston Southern Buccaneers vs. UNC Asheville Bulldogs,ncaa-cbb,70512,moneyline,Charleston Southern Buccaneers,true,0.99,0.96,2026-02-28T19:00:07.808731+00:00,2026-02-28T21:14:55.448067+00:00,134.8
2026-02-28T21:24:32.155391+00:00,Valorant: XLG Gaming vs NRG (BO3) - VCT Masters Santiago Group Stage,valorant,1367377,moneyline,NRG,true,0.99,0.99,2026-02-28T19:31:20.560049+00:00,2026-02-28T21:20:20.926307+00:00,109.0
2026-02-28T21:52:51.757264+00:00,NEC vs. Fortuna Sittard,ere-2025,90090907,moneyline,No,true,0.99,0,2026-02-28T20:00:09.004929+00:00,2026-02-28T21:48:50.196754+00:00,108.7
2026-02-28T21:56:54.870115+00:00,LoL: RED Canids vs FURIA Esports (BO5) - CBLOL Cup Playoffs,league-of-legends,1335656,over_under,Under,true,0.99,0.999,2026-02-28T19:12:04.519053+00:00,2026-02-28T21:52:51.757264+00:00,160.8
2026-02-28T22:28:04.489304+00:00,Chicago Fire FC vs. CF Montréal - Halftime Result,mls-2025,,moneyline,No,true,0.99,0.92,2026-02-28T19:31:20.560049+00:00,2026-02-28T22:23:59.286029+00:00,172.6
2026-02-28T22:51:02.308983+00:00,Southern Utah Thunderbirds vs. Utah Tech Trailblazers (W),cwbb,144171,moneyline,Utah Tech Trailblazers,true,0.99,0,2026-02-28T21:01:20.491063+00:00,2026-02-28T22:46:59.479737+00:00,105.6
2026-02-28T23:09:59.999774+00:00,Kansas Jayhawks vs. Arizona Wildcats,ncaa-cbb,71561,moneyline,Arizona Wildcats,true,0.99,0.964,2026-02-28T21:01:20.491063+00:00,2026-02-28T23:05:57.412623+00:00,124.6
2026-02-28T23:12:43.040034+00:00,Rockets vs. Heat,nba-2026,20023329,spread,Heat,true,0.99,0.98,2026-02-28T20:30:00.384005+00:00,2026-02-28T23:08:39.948269+00:00,158.7
2026-02-28T23:20:53.020380+00:00,Lindenwood Lions vs. Western Illinois Leathernecks,ncaa-cbb,67013,moneyline,Lindenwood Lions,true,0.99,0.95,2026-02-28T21:31:03.806535+00:00,2026-02-28T23:16:48.475829+00:00,105.7
2026-02-28T23:26:22.483124+00:00,Colorado Rapids SC vs. Portland Timbers,mls-2025,90104102,moneyline,No,true,0.99,0.97,2026-02-28T21:31:03.806535+00:00,2026-02-28T23:22:15.768602+00:00,111.2
2026-02-28T23:31:50.783138+00:00,ATX Open: Ashlyn Krueger vs Taylor Townsend,wta,5206831,moneyline,Over,true,0.99,0,2026-02-28T21:35:11.148562+00:00,2026-02-28T23:27:45.725560+00:00,112.6
2026-03-01T00:46:19.150361+00:00,Real Oviedo vs. Club Atlético de Madrid - Exact Score,la-liga-2025,,moneyline,No,true,0.99,0,2026-02-28T20:00:09.004929+00:00,2026-03-01T00:42:14.495639+00:00,282.1
2026-03-01T00:51:42.485128+00:00,Oklahoma Sooners vs. LSU Tigers,ncaa-cbb,67330,moneyline,Oklahoma Sooners,true,0.99,0.981,2026-02-28T23:00:31.671684+00:00,2026-03-01T00:47:41.101313+00:00,107.2
2026-03-01T00:51:42.485128+00:00,Call of Duty: OpTic Texas vs Los Angeles Thieves (BO5) - Call of Duty League Stage 2 Major Qualifiers Qualifiers,call-of-duty,1350387,moneyline,OpTic Texas,true,0.99,0.999,2026-02-28T23:45:27.627158+00:00,2026-03-01T00:47:41.101313+00:00,62.2
2026-03-01T00:53:03.524371+00:00,LoL: Sentinels vs LYON (BO5) - LCS Lock In Playoffs,league-of-legends,1314734,over_under,Under,true,0.99,0,2026-03-01T00:46:19.150361+00:00,2026-03-01T00:49:01.546887+00:00,2.7
2026-03-01T01:00:53.103973+00:00,UNCG Spartans vs. Samford Bulldogs,ncaa-cbb,67825,moneyline,Over,true,0.99,0,2026-02-28T23:00:31.671684+00:00,2026-03-01T00:55:46.228241+00:00,115.2
2026-03-01T01:19:51.731671+00:00,Northwestern State Demons vs. Texas A&M-Corpus Christi Islanders,ncaa-cbb,67612,moneyline,Texas A&M-Corpus Christi Islanders,true,0.99,0.98,2026-02-28T23:30:29.387261+00:00,2026-03-01T01:15:47.729381+00:00,105.3
2026-03-01T01:28:03.309885+00:00,Harvard Crimson vs. Penn Quakers,ncaa-cbb,68277,spread,Penn Quakers,true,0.99,0,2026-02-28T23:00:31.671684+00:00,2026-03-01T01:23:57.822406+00:00,143.4
2026-03-01T01:41:41.616982+00:00,Wright State Raiders vs. Northern Kentucky Norse,ncaa-cbb,68930,moneyline,Over,true,0.99,0.94,2026-03-01T00:00:04.260479+00:00,2026-03-01T01:37:37.086718+00:00,97.5
2026-03-01T01:52:33.188450+00:00,Islanders vs. Blue Jackets,nhl-2026,30024910,moneyline,Under,true,0.99,0.79,2026-02-28T23:00:31.671684+00:00,2026-03-01T01:48:30.253839+00:00,168.0
2026-03-01T01:57:58.137139+00:00,Sabres vs. Lightning,nhl-2026,30024913,spread,Sabres,true,0.99,0.979,2026-03-01T00:00:04.260479+00:00,2026-03-01T01:53:55.178193+00:00,113.8
2026-03-01T01:57:58.137139+00:00,Arizona Wildcats vs. Utah Utes (W),cwbb,145943,moneyline,Utah Utes,true,0.99,0.95,2026-03-01T00:00:04.260479+00:00,2026-03-01T01:53:55.178193+00:00,113.8
2026-03-01T02:09:55.493927+00:00,Loyola Marymount Lions vs. Oregon State Beavers (W),cwbb,146076,moneyline,Loyola Marymount Lions,true,0.99,0.37,2026-02-28T21:01:20.491063+00:00,2026-03-01T02:04:46.296957+00:00,303.4
2026-03-01T02:09:55.493927+00:00,Pacific Tigers vs. San Diego Toreros (W),cwbb,146075,moneyline,San Diego Toreros,true,0.99,0.98,2026-02-28T22:00:57.912784+00:00,2026-03-01T02:04:46.296957+00:00,243.8
2026-03-01T02:09:55.493927+00:00,Sacred Heart Pioneers vs. Fairfield Stags (W),cwbb,145284,moneyline,Fairfield Stags,true,0.99,0.959,2026-03-01T00:00:04.260479+00:00,2026-03-01T02:04:46.296957+00:00,124.7
2026-03-01T02:26:11.569684+00:00,"T20 Series New Zealand vs Zimbabwe, Women: New Zealand vs Zimbabwe",international-cricket,,moneyline,Yes,true,0.99,0.98,2026-03-01T00:16:17.516810+00:00,2026-03-01T02:22:06.900258+00:00,125.8
2026-03-01T02:42:24.450876+00:00,UC Riverside Highlanders vs. CSUN Matadors (W),cwbb,145223,moneyline,UC Riverside Highlanders,true,0.99,0,2026-02-28T22:00:57.912784+00:00,2026-03-01T02:38:22.847559+00:00,277.4
2026-03-01T02:50:28.475647+00:00,"T20 Series New Zealand vs Zimbabwe, Women: New Zealand vs Zimbabwe - Most Sixes",international-cricket,,moneyline,Yes,true,0.99,0,2026-03-01T00:16:17.516810+00:00,2026-03-01T02:46:27.106297+00:00,150.2
2026-03-01T02:50:28.475647+00:00,"T20 Series New Zealand vs Zimbabwe, Women: New Zealand vs Zimbabwe - Team Top Batter",international-cricket,,moneyline,Yes,true,0.99,0,2026-03-01T00:16:17.516810+00:00,2026-03-01T02:46:27.106297+00:00,150.2
2026-03-01T02:58:30.190696+00:00,CF Monterrey vs. CF Cruz Azul,mex-2025,90103504,moneyline,No,true,0.99,0.97,2026-03-01T01:00:53.103973+00:00,2026-03-01T02:54:30.670066+00:00,113.6
2026-03-01T03:09:13.582873+00:00,Washington State Cougars vs. Pepperdine Waves,ncaa-cbb,72302,moneyline,Pepperdine Waves,true,0.99,0,2026-03-01T03:01:11.986028+00:00,2026-03-01T03:05:13.967284+00:00,4.0
2026-03-01T03:15:38.596475+00:00,San Francisco Dons vs. Pacific Tigers,ncaa-cbb,72304,moneyline,Under,true,0.99,0.999,2026-02-28T23:00:31.671684+00:00,2026-03-01T03:10:34.663366+00:00,250.0
2026-03-01T03:26:22.627537+00:00,Lakers vs. Warriors,nba-2026,20023331,spread,Lakers,true,0.99,0.98,2026-03-01T01:30:46.670696+00:00,2026-03-01T03:22:20.869531+00:00,111.6
2026-03-01T03:31:45.606150+00:00,Call of Duty: OpTic Texas vs Los Angeles Thieves (BO5) - Call of Duty League Stage 2 Major Qualifiers Qualifiers,call-of-duty,1350387,moneyline,OpTic Texas,true,0.99,0,2026-02-28T23:45:27.627158+00:00,2026-03-01T03:27:43.754769+00:00,222.3
2026-03-01T03:31:45.606150+00:00,Call of Duty: OpTic Texas vs Los Angeles Thieves (BO5) - Call of Duty League Stage 2 Major Qualifiers Qualifiers,call-of-duty,1350387,spread,Los Angeles Thieves,true,0.99,0.999,2026-03-01T02:27:33.391192+00:00,2026-03-01T03:27:43.754769+00:00,60.2
2026-03-01T03:47:56.700679+00:00,Houston Dynamo vs. Los Angeles FC,mls-2025,90104107,moneyline,No,true,0.99,0.999,2026-03-01T03:34:27.854994+00:00,2026-03-01T03:43:54.774950+00:00,9.4
2026-03-01T03:47:56.700679+00:00,"T20 Series New Zealand vs Zimbabwe, Women: New Zealand vs Zimbabwe",international-cricket,,moneyline,Yes,true,0.99,0,2026-03-01T03:34:27.854994+00:00,2026-03-01T03:43:54.774950+00:00,9.4
2026-03-01T03:53:17.014323+00:00,AHL: Hershey Bears vs. Rockford IceHogs,ahl-2026,4896704,moneyline,Hershey Bears,true,0.99,0.98,2026-03-01T01:00:53.103973+00:00,2026-03-01T03:49:17.496174+00:00,168.4
2026-03-01T04:01:17.557352+00:00,Vancouver Whitecaps FC vs. Toronto FC,mls-2025,90104109,moneyline,Yes,true,0.99,0,2026-03-01T03:55:56.706171+00:00,2026-03-01T03:57:17.723650+00:00,1.4
2026-03-01T04:03:57.085694+00:00,Tarleton State Texans vs. California Baptist Lancers,ncaa-cbb,66863,moneyline,Over,true,0.99,0.9,2026-03-01T02:00:40.698741+00:00,2026-03-01T03:59:58.028957+00:00,119.3
2026-03-01T04:03:57.085694+00:00,Vancouver Whitecaps FC vs. Toronto FC,mls-2025,90104109,moneyline,No,true,0.99,0.97,2026-03-01T02:30:15.296919+00:00,2026-03-01T03:59:58.028957+00:00,89.7
2026-03-01T04:23:46.171860+00:00,Penn Quakers vs. Dartmouth Big Green (W),cwbb,145845,moneyline,Penn Quakers,true,0.99,0.999,2026-02-28T22:00:57.912784+00:00,2026-03-01T04:18:39.773797+00:00,377.7
2026-03-01T04:23:46.171860+00:00,UC Riverside Highlanders vs. CSUN Matadors (W),cwbb,145223,moneyline,UC Riverside Highlanders,true,0.99,0.999,2026-03-01T02:45:05.672739+00:00,2026-03-01T04:18:39.773797+00:00,93.6
2026-03-01T04:26:27.957438+00:00,"T20 Series New Zealand vs Zimbabwe, Women: New Zealand vs Zimbabwe",international-cricket,,moneyline,Yes,true,0.99,0,2026-03-01T04:14:37.799081+00:00,2026-03-01T04:21:20.552341+00:00,6.7
2026-03-01T04:39:55.562641+00:00,Long Beach State Beach vs. Bakersfield Roadrunners,ncaa-cbb,70177,moneyline,Over,true,0.99,0.99,2026-03-01T02:30:15.296919+00:00,2026-03-01T04:35:53.522684+00:00,125.6
2026-03-01T04:39:55.562641+00:00,Long Beach State Beach vs. Bakersfield Roadrunners,ncaa-cbb,70177,moneyline,Over,true,0.99,0.98,2026-03-01T02:30:15.296919+00:00,2026-03-01T04:35:53.522684+00:00,125.6
2026-03-01T05:40:39.410323+00:00,Canucks vs. Kraken,nhl-2026,30024919,spread,Kraken,true,0.99,0.96,2026-03-01T03:01:11.986028+00:00,2026-03-01T05:36:31.455530+00:00,155.3
2026-03-01T05:40:39.410323+00:00,Gonzaga Bulldogs vs. Saint Mary's Gaels,ncaa-cbb,72307,spread,Saint Mary's Gaels,true,0.99,0.999,2026-03-01T03:30:24.990481+00:00,2026-03-01T05:36:31.455530+00:00,126.1
2026-03-01T05:51:39.150017+00:00,UC Santa Barbara Gauchos vs. UC Irvine Anteaters,ncaa-cbb,67703,moneyline,UC Irvine Anteaters,true,0.99,0.95,2026-03-01T03:30:24.990481+00:00,2026-03-01T05:47:31.045606+00:00,137.1
2026-03-01T06:08:01.625557+00:00,Roasso Kumamoto vs. Ōita Trinita,japan-j2-league,90108910,moneyline,No,true,0.99,0.99,2026-03-01T04:01:17.557352+00:00,2026-03-01T06:03:57.811476+00:00,122.7
2026-03-01T06:45:19.843800+00:00,"T20 Series Hong Kong vs Kuwait: Hong Kong, China vs Kuwait",international-cricket,,moneyline,Kuwait,true,0.99,0.001,2026-03-01T05:32:24.946642+00:00,2026-03-01T06:39:54.471979+00:00,67.5
2026-03-01T08:52:33.013807+00:00,"ODI Series Australia vs India, Women: Australia vs India",international-cricket,,moneyline,Australia,true,0.99,0.95,2026-03-01T03:47:56.700679+00:00,2026-03-01T08:49:21.440207+00:00,301.4
2026-03-01T09:46:05.932536+00:00,LoL: Invictus Gaming vs Ninjas in Pyjamas (BO5) - LPL Playoffs,league-of-legends,1352796,moneyline,Invictus Gaming,true,0.99,0.04,2026-03-01T09:00:45.876803+00:00,2026-03-01T09:42:40.515282+00:00,41.9
2026-03-01T10:08:53.265841+00:00,"T20 Series New Zealand vs Zimbabwe, Women: New Zealand vs Zimbabwe",international-cricket,,moneyline,Zimbabwe,true,0.99,0.999,2026-03-01T00:16:17.516810+00:00,2026-03-01T10:04:52.125839+00:00,588.6
2026-03-01T10:08:53.265841+00:00,T20 World Cup: Zimbabwe vs South Africa,international-cricket,,moneyline,Zimbabwe,true,0.99,0.902,2026-03-01T09:33:52.616033+00:00,2026-03-01T10:04:52.125839+00:00,31.0
2026-03-01T10:25:50.512999+00:00,T20 World Cup: Zimbabwe vs South Africa,international-cricket,,moneyline,Yes,true,0.99,0.98,2026-03-01T09:31:10.223062+00:00,2026-03-01T10:22:39.875776+00:00,51.5
2026-03-01T10:30:11.962220+00:00,"ODI Series Australia vs India, Women: Australia vs India - More Markets",international-cricket,,moneyline,Yes,true,0.99,0.553,2026-03-01T03:50:37.229774+00:00,2026-03-01T10:26:54.402147+00:00,396.3
2026-03-01T11:10:31.539982+00:00,Dota 2: Team Liquid vs Tundra Esports (BO3) - DreamLeague Playoffs,dota-2,1358123,over_under,Under,true,0.99,0.999,2026-02-28T18:15:50.085045+00:00,2026-03-01T11:06:44.665888+00:00,1010.9
2026-03-01T11:10:31.539982+00:00,"ODI Series Australia vs India, Women: Australia vs India - More Markets",international-cricket,,moneyline,Yes,true,0.99,0,2026-03-01T10:55:26.155382+00:00,2026-03-01T11:06:44.665888+00:00,11.3
2026-03-01T11:17:47.843291+00:00,"ODI Series Australia vs India, Women: Australia vs India - Team Top Batter",international-cricket,,moneyline,Yes,true,0.99,0.981,2026-03-01T09:55:56.916038+00:00,2026-03-01T11:14:01.319385+00:00,78.1
2026-03-01T11:27:09.289759+00:00,FK Dinamo Moskva vs. PFK Krylia Sovetov Samara,russian-premier-league,90091566,moneyline,No,true,0.99,0.95,2026-03-01T10:00:48.706038+00:00,2026-03-01T11:23:50.119038+00:00,83.0
2026-03-01T11:29:15.882626+00:00,Counter-Strike: PARIVISION vs SemperFi Esports (BO3) - ESL Pro League Stage 1,counter-strike,1376105,moneyline,PARIVISION,true,0.99,0,2026-03-01T10:30:11.962220+00:00,2026-03-01T11:26:05.290458+00:00,55.9
2026-03-01T11:42:12.759652+00:00,Counter-Strike: PARIVISION vs SemperFi Esports (BO3) - ESL Pro League Stage 1,counter-strike,1376105,moneyline,PARIVISION,true,0.99,0,2026-03-01T11:34:13.782814+00:00,2026-03-01T11:38:12.678299+00:00,4.0
2026-03-01T11:56:52.138572+00:00,Antalya: Moyuka Uchijima vs Anhelina Kalinina,wta,5207421,moneyline,Moyuka Uchijima,true,0.99,0.999,2026-03-01T09:46:05.932536+00:00,2026-03-01T11:52:47.380293+00:00,126.7
2026-03-01T11:58:09.316275+00:00,LoL: Invictus Gaming vs Ninjas in Pyjamas (BO5) - LPL Playoffs,league-of-legends,1352796,moneyline,Invictus Gaming,true,0.99,0,2026-03-01T11:00:40.221355+00:00,2026-03-01T11:54:14.134063+00:00,53.6
2026-03-01T12:28:33.030466+00:00,LoL: Invictus Gaming vs Ninjas in Pyjamas (BO5) - LPL Playoffs,league-of-legends,1352796,moneyline,Invictus Gaming,true,0.99,0,2026-03-01T12:07:02.198095+00:00,2026-03-01T12:24:34.932861+00:00,17.5
2026-03-01T12:29:53.744887+00:00,US Cremonese vs. AC Milan - Total Corners,serie-a-2025,,over_under,Over,true,0.99,0.06,2026-03-01T11:30:17.033934+00:00,2026-03-01T12:25:51.056328+00:00,55.6
2026-03-01T12:50:53.739017+00:00,US Cremonese vs. AC Milan - Total Corners,serie-a-2025,,over_under,Over,true,0.99,0,2026-03-01T12:33:52.816665+00:00,2026-03-01T12:47:00.055794+00:00,13.1
2026-03-01T13:33:00.966908+00:00,LoL: Invictus Gaming vs Ninjas in Pyjamas (BO5) - LPL Playoffs,league-of-legends,1352796,over_under,Under,true,0.99,0,2026-03-01T13:21:02.316834+00:00,2026-03-01T13:29:01.689782+00:00,8.0
2026-03-01T13:40:40.518368+00:00,T20 World Cup: India vs West Indies,international-cricket,,moneyline,India,true,0.99,0.999,2026-03-01T13:33:00.966908+00:00,2026-03-01T13:36:53.078813+00:00,3.9
2026-03-01T13:48:37.528432+00:00,Honor of Kings: AG Super Play vs TOP Esports Armor (BO5) - King Pro League Stage 2 Group A,honor-of-kings,1345073,over_under,Under,true,0.99,0,2026-03-01T12:00:30.985933+00:00,2026-03-01T13:44:37.655896+00:00,104.1
2026-03-01T13:48:37.528432+00:00,Honor of Kings: AG Super Play vs TOP Esports Armor (BO5) - King Pro League Stage 2 Group A,honor-of-kings,1345073,over_under,Under,true,0.99,0.04,2026-03-01T12:00:30.985933+00:00,2026-03-01T13:44:37.655896+00:00,104.1
2026-03-01T14:21:53.846817+00:00,T20 World Cup: India vs West Indies,international-cricket,,moneyline,Yes,true,0.99,0.981,2026-03-01T13:27:40.376099+00:00,2026-03-01T14:16:43.723827+00:00,49.1
2026-03-01T14:46:40.006212+00:00,Counter-Strike: FUZOS vs Rebels Gaming (BO5) - Master League Portugal Playoffs,counter-strike,1371197,moneyline,Rebels Gaming,true,0.99,0.1,2026-03-01T14:00:25.104048+00:00,2026-03-01T14:42:28.666549+00:00,42.1
2026-03-01T15:09:28.818151+00:00,LoL: Invictus Gaming vs Ninjas in Pyjamas (BO5) - LPL Playoffs,league-of-legends,1352796,over_under,Under,true,0.99,0,2026-03-01T13:56:27.734068+00:00,2026-03-01T15:05:31.936301+00:00,69.1
2026-03-01T15:36:23.450817+00:00,Lugano: Joel Schwaerzler vs Zsombor Piros,atp,5208210,moneyline,Over,true,0.99,0.09,2026-03-01T13:01:12.412527+00:00,2026-03-01T15:32:22.056356+00:00,151.2
2026-03-01T15:36:23.450817+00:00,Lugano: Joel Schwaerzler vs Zsombor Piros,atp,5208210,moneyline,Over,true,0.99,0,2026-03-01T13:01:12.412527+00:00,2026-03-01T15:32:22.056356+00:00,151.2
2026-03-01T15:36:23.450817+00:00,Lugano: Joel Schwaerzler vs Zsombor Piros,atp,5208210,moneyline,Over,true,0.99,0,2026-03-01T13:01:12.412527+00:00,2026-03-01T15:32:22.056356+00:00,151.2
2026-03-01T15:51:21.286859+00:00,Counter-Strike: Omega vs Acend (BO3) - European Pro League Series 5 Group D,counter-strike,1355938,moneyline,Acend,true,0.99,0.99,2026-03-01T12:25:51.056328+00:00,2026-03-01T15:47:15.212801+00:00,201.4
2026-03-01T16:11:52.497084+00:00,US Sassuolo Calcio vs. Atalanta BC - Total Corners,serie-a-2025,,over_under,Over,true,0.99,0,2026-03-01T14:00:25.104048+00:00,2026-03-01T16:07:40.507272+00:00,127.3
2026-03-01T16:30:55.871835+00:00,CD Universidad de Concepción vs. Everton de Viña del Mar,primera-division,90105585,moneyline,No,true,0.99,0.95,2026-03-01T15:01:31.407747+00:00,2026-03-01T16:26:50.443782+00:00,85.3
2026-03-01T16:47:12.818511+00:00,VfB Stuttgart vs. VfL Wolfsburg - Player Props,bundesliga-2025,,moneyline,Yes,true,0.99,0,2026-03-01T14:30:12.275711+00:00,2026-03-01T16:43:01.303984+00:00,132.8
2026-03-01T17:16:44.495860+00:00,"T20 Series West Indies vs Sri Lanka, Women: West Indies vs Sri Lanka",international-cricket,,moneyline,Sri Lanka,true,0.99,0,2026-03-01T17:05:17.571453+00:00,2026-03-01T17:12:27.984217+00:00,7.2
2026-03-01T17:44:03.143431+00:00,FC Utrecht vs. AZ,ere-2025,90090908,moneyline,Yes,true,0.99,0.95,2026-03-01T15:45:55.345156+00:00,2026-03-01T17:39:58.101236+00:00,114.0
2026-03-01T17:56:07.000246+00:00,T20 World Cup: India vs West Indies - Toss Match Double,international-cricket,,moneyline,Yes,true,0.99,0.21,2026-03-01T13:30:22.000443+00:00,2026-03-01T17:52:02.069882+00:00,261.7
2026-03-01T18:07:04.157071+00:00,Arsenal FC vs. Chelsea FC - Player Props,premier-league-2025,,moneyline,No,true,0.99,0.01,2026-03-01T16:30:55.871835+00:00,2026-03-01T18:02:58.758465+00:00,92.0
2026-03-01T18:20:42.514285+00:00,Lille OSC vs. FC Nantes,ligue-1-2025,90094009,moneyline,No,true,0.99,0.76,2026-03-01T16:15:57.290255+00:00,2026-03-01T18:16:39.264721+00:00,120.7
2026-03-01T18:26:20.206768+00:00,Eintracht Frankfurt vs. SC Freiburg,bundesliga-2025,90093703,moneyline,No,true,0.99,0.98,2026-03-01T16:30:55.871835+00:00,2026-03-01T18:22:05.046393+00:00,111.2
2026-03-01T18:29:03.168451+00:00,Valorant: Enterprise Esports vs Bonk (BO3) - VCL NORTH//EAST Playoffs,valorant,1368302,moneyline,Enterprise Esports,true,0.99,0.97,2026-03-01T14:00:25.104048+00:00,2026-03-01T18:24:59.909632+00:00,264.6
2026-03-01T18:48:10.787652+00:00,Valorant: Enterprise Esports vs Bonk (BO3) - VCL NORTH//EAST Playoffs,valorant,1368302,moneyline,Enterprise Esports,true,0.99,0,2026-03-01T18:31:47.671174+00:00,2026-03-01T18:44:07.461730+00:00,12.3
2026-03-01T19:10:54.263176+00:00,North Texas Mean Green vs. UAB Blazers,ncaa-cbb,71902,moneyline,North Texas Mean Green,true,0.99,0,2026-03-01T17:01:08.015761+00:00,2026-03-01T19:06:52.294991+00:00,125.7
2026-03-01T19:21:51.683416+00:00,Rutgers Scarlet Knights vs. Maryland Terrapins,ncaa-cbb,70831,moneyline,Under,true,0.99,0.99,2026-03-01T17:01:08.015761+00:00,2026-03-01T19:17:44.133148+00:00,136.6
2026-03-01T19:27:21.235344+00:00,SK Sigma Olomouc vs. Bohemians Praha 1905,czechia-1,90107363,moneyline,No,true,0.99,0.92,2026-03-01T17:30:21.755747+00:00,2026-03-01T19:23:14.761403+00:00,112.9
2026-03-01T19:35:29.159913+00:00,Real Betis Balompié vs. Sevilla FC,la-liga-2025,90094670,moneyline,No,true,0.99,0.991,2026-03-01T17:30:21.755747+00:00,2026-03-01T19:31:25.605560+00:00,121.1
2026-03-01T19:57:03.442792+00:00,Golden Knights vs. Penguins,nhl-2026,30024920,moneyline,Penguins,true,0.99,0.96,2026-03-01T18:00:14.833529+00:00,2026-03-01T19:53:00.576470+00:00,112.8
2026-03-01T19:59:45.159847+00:00,Valorant: CGN Esports vs Eintracht Frankfurt (BO5) - VCL DACH: Evolution Playoffs,valorant,1344499,moneyline,CGN Esports,true,0.99,0,2026-03-01T16:56:57.447053+00:00,2026-03-01T19:55:43.481106+00:00,178.8
2026-03-01T20:09:01.348602+00:00,LoL: G2 Esports vs Karmine Corp (BO5) - LEC Versus Playoffs,league-of-legends,1350541,spread,Karmine Corp,true,0.99,0.44,2026-03-01T16:10:32.919976+00:00,2026-03-01T20:03:48.702749+00:00,233.3
2026-03-01T20:11:44.673030+00:00,Hamburger SV vs. RB Leipzig - Halftime Result,bundesliga-2025,,moneyline,Yes,true,0.99,0,2026-03-01T19:59:45.159847+00:00,2026-03-01T20:07:40.528966+00:00,7.9
2026-03-01T20:49:40.251390+00:00,North Carolina State Wolfpack vs. Pittsburgh Panthers (W),cwbb,146364,moneyline,North Carolina State Wolfpack,true,0.99,0.959,2026-03-01T18:00:14.833529+00:00,2026-03-01T20:45:37.665703+00:00,165.4
2026-03-01T20:52:23.147575+00:00,AD Pasto vs. Cúcuta Deportivo FC,primera-a,90105868,moneyline,No,true,0.99,0.99,2026-03-01T19:00:06.644174+00:00,2026-03-01T20:48:19.532717+00:00,108.2
2026-03-01T20:52:23.147575+00:00,Rider Broncs vs. Siena Saints,ncaa-cbb,68476,moneyline,Siena Saints,true,0.99,0,2026-03-01T20:41:33.262025+00:00,2026-03-01T20:48:19.532717+00:00,6.8
2026-03-01T21:00:31.988867+00:00,Auburn Tigers vs. Arkansas Razorbacks (W),cwbb,144617,moneyline,Arkansas Razorbacks,true,0.99,0.94,2026-03-01T18:00:14.833529+00:00,2026-03-01T20:56:29.442559+00:00,176.2
2026-03-01T21:03:14.573549+00:00,FC UTA Arad vs. FCSB,romania-1,90106876,moneyline,No,true,0.99,0.971,2026-03-01T19:00:06.644174+00:00,2026-03-01T20:59:11.701599+00:00,119.1
2026-03-01T21:03:14.573549+00:00,FC UTA Arad vs. FCSB,romania-1,90106876,moneyline,Yes,true,0.99,0,2026-03-01T20:49:40.251390+00:00,2026-03-01T20:59:11.701599+00:00,9.5
2026-03-01T21:17:56.078675+00:00,Saint Peter's Peacocks vs. Marist Red Foxes,ncaa-cbb,68480,moneyline,Saint Peter's Peacocks,true,0.99,0.98,2026-03-01T19:00:06.644174+00:00,2026-03-01T21:12:46.381135+00:00,132.7
2026-03-01T21:17:56.078675+00:00,"BNP Paribas Open, Qualification: Elizabeth Mandlik vs Diane Parry",wta,5208816,moneyline,Diane Parry,true,0.99,0.97,2026-03-01T19:46:16.028249+00:00,2026-03-01T21:12:46.381135+00:00,86.5
2026-03-01T21:23:17.096946+00:00,Charlotte 49ers vs. Florida Atlantic Owls,ncaa-cbb,71901,moneyline,Florida Atlantic Owls,true,0.99,0.95,2026-03-01T19:00:06.644174+00:00,2026-03-01T21:19:17.222424+00:00,139.2
2026-03-01T21:36:43.814011+00:00,Pyramids FC vs. Zamalek SC,egypt-1,90107160,moneyline,No,true,0.99,0.95,2026-03-01T19:30:03.553180+00:00,2026-03-01T21:32:42.191524+00:00,122.6
2026-03-01T21:36:43.814011+00:00,Modern SC vs. Petrojet SC,egypt-1,90107157,moneyline,No,true,0.99,0,2026-03-01T21:25:59.425938+00:00,2026-03-01T21:32:42.191524+00:00,6.7
2026-03-01T22:16:59.142808+00:00,Florida Gators vs. Georgia Bulldogs (W),cwbb,144615,moneyline,Georgia Bulldogs,true,0.99,0.93,2026-03-01T19:00:06.644174+00:00,2026-03-01T22:12:58.084639+00:00,192.9
2026-03-01T23:19:52.329489+00:00,Call of Duty: Miami Heretics vs Cloud9 New York (BO5) - Call of Duty League Stage 2 Major Qualifiers Qualifiers,call-of-duty,1350390,moneyline,Miami Heretics,true,0.99,0.95,2026-03-01T22:31:31.957996+00:00,2026-03-01T23:15:52.210733+00:00,44.3
2026-03-01T23:31:43.923525+00:00,Jets vs. Sharks,nhl-2026,30024922,moneyline,Under,true,0.99,0.999,2026-03-01T21:00:31.988867+00:00,2026-03-01T23:26:32.300882+00:00,146.0
2026-03-01T23:37:05.038189+00:00,Blackhawks vs. Utah,nhl-2026,30024921,spread,Blackhawks,true,0.99,0.96,2026-03-01T21:00:31.988867+00:00,2026-03-01T23:33:05.017901+00:00,152.6
2026-03-01T23:37:05.038189+00:00,AHL: Rochester Americans vs. Syracuse Crunch,ahl-2026,4897132,moneyline,Syracuse Crunch,true,0.99,0.95,2026-03-01T21:00:31.988867+00:00,2026-03-01T23:33:05.017901+00:00,152.6
2026-03-02T00:03:38.981607+00:00,Valorant: Enterprise Esports vs Bonk (BO3) - VCL NORTH//EAST Playoffs,valorant,1368302,spread,Bonk,true,0.99,0.98,2026-03-01T14:00:25.104048+00:00,2026-03-01T23:59:40.588716+00:00,599.3
2026-03-02T00:19:36.345475+00:00,Call of Duty: Vancouver Surge vs OpTic Texas (BO5) - Call of Duty League Stage 2 Major Qualifiers Qualifiers,call-of-duty,1350391,over_under,Under,true,0.99,0.54,2026-03-01T23:31:43.923525+00:00,2026-03-02T00:15:39.193425+00:00,43.9
2026-03-02T00:27:32.077232+00:00,Grizzlies vs. Pacers,nba-2026,20023337,moneyline,Under,true,0.99,0.981,2026-03-01T22:00:49.833076+00:00,2026-03-02T00:23:34.734064+00:00,142.7
2026-03-02T00:39:00.382803+00:00,Top 14: Pau vs Union Bordeaux Begles,rugby-top-14,4866600,moneyline,No,true,0.99,0.27,2026-03-01T20:06:16.255004+00:00,2026-03-02T00:34:00.808430+00:00,267.7
2026-03-02T00:41:33.519352+00:00,Blues vs. Wild,nhl-2026,30024924,spread,Blues,true,0.99,0.999,2026-03-01T22:00:49.833076+00:00,2026-03-02T00:36:32.575048+00:00,155.7
2026-03-02T01:44:32.493288+00:00,Bucks vs. Bulls,nba-2026,20023335,spread,Bulls,true,0.99,0.8,2026-03-01T22:53:06.627565+00:00,2026-03-02T01:12:36.876326+00:00,139.5
2026-03-02T02:01:07.548887+00:00,Thunder vs. Mavericks,nba-2026,20023341,moneyline,Yes,true,0.99,0.98,2026-03-02T01:12:36.876326+00:00,2026-03-02T01:57:20.378993+00:00,44.7
2026-03-02T04:48:19.721416+00:00,Pelicans vs. Clippers,nba-2026,20023342,moneyline,Over,true,0.99,0.87,2026-03-02T02:01:07.548887+00:00,2026-03-02T04:01:16.073290+00:00,120.1
2026-03-02T04:48:19.721416+00:00,Pelicans vs. Clippers,nba-2026,20023342,moneyline,Over,true,0.99,0.87,2026-03-02T02:01:07.548887+00:00,2026-03-02T04:01:16.073290+00:00,120.1
2026-03-02T04:50:45.584526+00:00,Pelicans vs. Clippers,nba-2026,20023342,spread,Clippers,true,0.99,0.64,2026-03-02T02:01:07.548887+00:00,2026-03-02T04:30:09.423507+00:00,149.0
2026-03-02T06:19:08.247966+00:00,Fath Union Sport vs. RCA Zemamra,morocco-1,90108354,moneyline,No,true,0.99,0.98,2026-03-01T22:00:49.833076+00:00,2026-03-02T06:01:18.261095+00:00,480.5
2026-03-02T11:15:29.397187+00:00,LoL: Weibo Gaming vs Top Esports (BO5) - LPL Playoffs,league-of-legends,1352800,moneyline,Weibo Gaming,true,0.99,0.99,2026-03-02T11:00:21.632179+00:00,2026-03-02T11:13:35.492457+00:00,13.2
2026-03-02T12:02:00.687634+00:00,LoL: Uwinks vs Rising Gaming (BO1) - LJL Stage 1 Group A,league-of-legends,1369935,moneyline,Rising Gaming,true,0.99,0.9,2026-03-02T11:00:21.632179+00:00,2026-03-02T11:43:43.749123+00:00,43.4
2026-03-02T14:11:54.527639+00:00,FK Sochi vs. FK Spartak Moskva,russian-premier-league,90091569,moneyline,Yes,true,0.99,0.981,2026-03-01T13:30:22.000443+00:00,2026-03-02T14:04:10.950248+00:00,1473.8
2026-03-02T14:45:17.599924+00:00,"CSA T20 Division 1, Women: South Western Districts vs Dolphins",csa-t20,,moneyline,South Western Districts,true,0.99,0.89,2026-03-01T09:00:45.876803+00:00,2026-03-02T14:43:31.301134+00:00,1782.8
2026-03-02T21:46:09.868146+00:00,Valorant: Formulation Gaming vs Team Liquid Academy (BO3) - VCL NORTH//EAST Playoffs,valorant,1369898,moneyline,Team Liquid Academy,true,0.99,0.91,2026-03-02T18:31:57.360903+00:00,2026-03-02T20:45:20.412934+00:00,133.4
2026-03-02T22:02:58.998074+00:00,"BNP Paribas Open, Qualification: Nicolas Mejia vs Nikoloz Basilashvili",atp,5209877,moneyline,Mejia,true,0.99,0,2026-03-02T20:45:20.412934+00:00,2026-03-02T21:02:19.605582+00:00,17.0
2026-03-02T22:08:19.060748+00:00,"BNP Paribas Open, Qualification: Nicolas Mejia vs Nikoloz Basilashvili",atp,5209877,spread,Basilashvili,true,0.99,0.93,2026-03-02T20:45:20.412934+00:00,2026-03-02T22:04:19.155151+00:00,79.0
2026-03-02T22:17:17.746018+00:00,"BNP Paribas Open, Qualification: Tristan Schoolkate vs Alex Bolt",atp,5209878,spread,Bolt,true,0.99,0.01,2026-03-02T19:55:03.831652+00:00,2026-03-02T22:13:51.179803+00:00,138.8
2026-03-03T02:45:09.755626+00:00,"T20 Series Hong Kong vs Kuwait: Hong Kong, China vs Kuwait",international-cricket,,moneyline,Kuwait,true,0.99,0,2026-03-02T21:46:09.868146+00:00,2026-03-03T01:52:37.856557+00:00,246.5
2026-03-03T03:05:59.343120+00:00,Celtics vs. Bucks,nba-2026,20023345,moneyline,No,true,0.99,0.03,2026-03-03T00:45:55.662921+00:00,2026-03-03T02:46:31.221883+00:00,120.6
2026-03-03T03:05:59.343120+00:00,Celtics vs. Bucks,nba-2026,20023345,moneyline,No,true,0.99,0.03,2026-03-03T00:45:55.662921+00:00,2026-03-03T02:46:31.221883+00:00,120.6
2026-03-03T03:05:59.343120+00:00,Celtics vs. Bucks,nba-2026,20023345,moneyline,No,true,0.99,0.293,2026-03-03T00:45:55.662921+00:00,2026-03-03T02:46:31.221883+00:00,120.6
2026-03-03T03:05:59.343120+00:00,Celtics vs. Bucks,nba-2026,20023345,moneyline,No,true,0.99,0.632,2026-03-03T00:45:55.662921+00:00,2026-03-03T02:46:31.221883+00:00,120.6
2026-03-03T03:05:59.343120+00:00,Celtics vs. Bucks,nba-2026,20023345,moneyline,No,true,0.99,0,2026-03-03T00:45:55.662921+00:00,2026-03-03T02:46:31.221883+00:00,120.6
2026-03-03T03:05:59.343120+00:00,Celtics vs. Bucks,nba-2026,20023345,moneyline,No,true,0.99,0,2026-03-03T00:45:55.662921+00:00,2026-03-03T02:46:31.221883+00:00,120.6
2026-03-03T03:05:59.343120+00:00,Celtics vs. Bucks,nba-2026,20023345,moneyline,No,true,0.99,0,2026-03-03T01:17:35.324301+00:00,2026-03-03T02:46:31.221883+00:00,88.9
2026-03-03T03:30:21.146748+00:00,Northern Colorado Bears vs. Montana Grizzlies (W),cwbb,145003,moneyline,Northern Colorado Bears,true,0.99,0.86,2026-03-03T01:01:03.723376+00:00,2026-03-03T03:26:18.005460+00:00,145.2
2026-03-03T04:55:42.551311+00:00,Northern Colorado Bears vs. Montana Grizzlies (W),cwbb,145003,moneyline,Northern Colorado Bears,true,0.99,0.911,2026-03-03T03:39:39.736792+00:00,2026-03-03T03:45:41.502950+00:00,6.0
2026-03-03T05:39:10.689142+00:00,Clippers vs. Warriors,nba-2026,20023347,moneyline,Under,true,0.99,0.95,2026-03-03T03:03:15.503128+00:00,2026-03-03T05:37:22.608961+00:00,154.1
2026-03-03T08:33:08.836159+00:00,Antalya 2: Adelina Lachinova vs Maja Chwalinska,wta,5209355,moneyline,Maja Chwalinska,true,0.99,0.96,2026-03-03T07:40:18.245716+00:00,2026-03-03T08:30:31.258387+00:00,50.2
2026-03-03T08:45:54.207177+00:00,Antalya 2: Adelina Lachinova vs Maja Chwalinska,wta,5209355,moneyline,Maja Chwalinska,true,0.99,0,2026-03-03T08:34:08.558767+00:00,2026-03-03T08:43:27.386783+00:00,9.3
2026-03-03T09:19:47.575817+00:00,Honor of Kings: Xianyou Gaming vs WLT Esports Club (BO5) - KPL Growth League Group Stage,honor-of-kings,1325073,spread,Xianyou Gaming,true,0.99,0,2026-03-03T07:00:03.842885+00:00,2026-03-03T09:16:43.175807+00:00,136.7
2026-03-03T10:34:55.671205+00:00,LoL: T1 Academy vs Nongshim Esports Academy (BO5) - LCK Challengers League Kickoff Playoffs,league-of-legends,1310974,moneyline,Nongshim Esports Academy,true,0.99,0.98,2026-03-03T08:00:26.142591+00:00,2026-03-03T09:31:05.866721+00:00,90.7
2026-03-03T10:42:13.723022+00:00,LoL: Anyone's Legend vs Invictus Gaming (BO5) - LPL Playoffs,league-of-legends,1352801,spread,Invictus Gaming,true,0.99,0.54,2026-03-03T09:00:28.310870+00:00,2026-03-03T10:39:16.533375+00:00,98.8
2026-03-03T13:47:41.038721+00:00,Counter-Strike: WHITEBIRD vs 5Actors (BO3) - IZI WEX Group A,counter-strike,1381472,moneyline,WHITEBIRD,true,0.99,0.99,2026-03-03T11:00:26.318190+00:00,2026-03-03T13:29:11.888330+00:00,148.8
2026-03-03T14:21:21.491538+00:00,Kigali: Sean Cuenin vs Zdenek Kolar,atp,5208511,moneyline,Zdenek Kolar,true,0.99,0.96,2026-03-03T12:00:03.817878+00:00,2026-03-03T13:31:03.399510+00:00,91.0
2026-03-03T19:24:35.606199+00:00,KHL: Dinamo Minsk vs. Metallurg Magnitogorsk,khl-2026,4852515,moneyline,Metallurg Magnitogorsk,true,0.99,0.94,2026-03-03T16:21:48.767476+00:00,2026-03-03T18:33:59.695388+00:00,132.2
2026-03-03T19:58:22.188789+00:00,Counter-Strike: G2 Ares vs WW Team (BO3) - Exort Meteor Playoffs,counter-strike,1378853,moneyline,WW Team,true,0.99,0.999,2026-03-03T18:00:45.014914+00:00,2026-03-03T19:07:49.144215+00:00,67.1
2026-03-03T20:15:11.089356+00:00,"T20 Series West Indies vs Sri Lanka, Women: West Indies vs Sri Lanka",international-cricket,,moneyline,Sri Lanka,true,0.99,0.99,2026-03-03T17:10:27.583365+00:00,2026-03-03T19:24:35.606199+00:00,134.1
2026-03-03T22:57:37.931460+00:00,Counter-Strike: G2 Ares vs WW Team (BO3) - Exort Meteor Playoffs,counter-strike,1378853,moneyline,G2 Ares,true,0.99,0,2026-03-03T22:51:04.166616+00:00,2026-03-03T22:54:23.097371+00:00,3.3
2026-03-03T23:20:19.443750+00:00,Counter-Strike: G2 Ares vs WW Team (BO3) - Exort Meteor Playoffs,counter-strike,1378853,over_under,Over,true,0.99,0,2026-03-03T23:08:34.941341+00:00,2026-03-03T23:16:48.917553+00:00,8.2
2026-03-03T23:22:44.389255+00:00,Counter-Strike: WW Team vs premghouls (BO3) - IZI WEX Group B,counter-strike,1381480,moneyline,WW Team,true,0.99,0.981,2026-03-03T19:24:35.606199+00:00,2026-03-03T23:19:09.455498+00:00,234.6
2026-03-03T23:39:14.414951+00:00,CA Huracán vs. CA Belgrano,primera-divisin-argentina,90103717,moneyline,Yes,true,0.99,0.97,2026-03-03T22:16:05.226282+00:00,2026-03-03T23:35:08.970527+00:00,79.1
2026-03-03T23:39:14.414951+00:00,CA Huracán vs. CA Belgrano,primera-divisin-argentina,90103717,moneyline,No,true,0.99,0.97,2026-03-03T22:16:05.226282+00:00,2026-03-03T23:35:08.970527+00:00,79.1
2026-03-03T23:56:17.851125+00:00,"BNP Paribas Open, Qualification: Katie Boulter vs Victoria Jimenez Kasintseva",wta,5212713,over_under,Over 2.5,true,0.99,0,2026-03-03T22:16:05.226282+00:00,2026-03-03T23:52:42.580856+00:00,96.6
2026-03-04T00:59:03.637768+00:00,Los Angeles Dodgers vs. Cleveland Guardians,mlb,76989,moneyline,Los Angeles Dodgers,true,0.99,0.95,2026-03-03T20:15:11.089356+00:00,2026-03-04T00:47:52.763631+00:00,272.7
2026-03-04T01:12:42.286041+00:00,Temple Owls vs. South Florida Bulls (W),cwbb,146514,moneyline,South Florida Bulls,true,0.99,0,2026-03-04T01:07:13.438498+00:00,2026-03-04T01:08:37.381343+00:00,1.4
2026-03-04T01:31:53.272016+00:00,Grizzlies vs. Timberwolves,nba-2026,20023355,moneyline,No,true,0.99,0,2026-03-04T01:00:24.166315+00:00,2026-03-04T01:27:50.612368+00:00,27.4
2026-03-04T01:34:36.160369+00:00,Towson Tigers vs. Stony Brook Seawolves,ncaa-cbb,68143,spread,Towson Tigers,true,0.99,0.98,2026-03-03T23:30:39.859123+00:00,2026-03-04T01:30:31.974931+00:00,119.9
2026-03-04T03:07:17.034817+00:00,New Orleans Privateers vs. Northwestern State Demons (W),cwbb,144676,moneyline,Northwestern State Demons,true,0.99,0.91,2026-03-03T23:30:39.859123+00:00,2026-03-04T02:32:28.260315+00:00,181.8
2026-03-04T03:26:45.231238+00:00,Spurs vs. 76ers,nba-2026,20023353,moneyline,No,true,0.99,0.5,2026-03-04T01:00:24.166315+00:00,2026-03-04T03:07:17.034817+00:00,126.9
2026-03-04T03:26:45.231238+00:00,Spurs vs. 76ers,nba-2026,20023353,moneyline,No,true,0.99,0.61,2026-03-04T01:00:24.166315+00:00,2026-03-04T03:07:17.034817+00:00,126.9
2026-03-04T03:32:12.084191+00:00,Thunder vs. Bulls,nba-2026,20023354,moneyline,No,true,0.99,0.61,2026-03-04T01:00:24.166315+00:00,2026-03-04T03:28:05.711740+00:00,147.7
2026-03-04T03:42:52.970373+00:00,Blackhawks vs. Jets,nhl-2026,30024937,moneyline,Under,true,0.99,0.98,2026-03-04T01:00:24.166315+00:00,2026-03-04T03:38:52.603455+00:00,158.5
2026-03-04T03:48:13.529876+00:00,Blackhawks vs. Jets,nhl-2026,30024937,spread,Blackhawks,true,0.99,0.98,2026-03-04T01:00:24.166315+00:00,2026-03-04T03:44:13.555845+00:00,163.8
2026-03-04T04:37:12.535531+00:00,Senators vs. Oilers,nhl-2026,30024938,spread,Senators,true,0.99,0.99,2026-03-04T02:00:26.219198+00:00,2026-03-04T04:33:13.326637+00:00,152.8
2026-03-04T05:47:04.354231+00:00,Canadiens vs. Sharks,nhl-2026,30024942,spread,Sharks,true,0.99,0.98,2026-03-04T03:05:55.072541+00:00,2026-03-04T05:42:29.053619+00:00,156.6
